group,radius_um,coh_median,coh_q25,coh_q75,coh_n_cells,neigh_median,neigh_q25,neigh_q75,neigh_n_cells,ANE_median,ANE_q25,ANE_q75,ANE_density_median,ANE_density_q25,ANE_density_q75
"CAFs, DCIS Associated",25.0,0.9020684563209826,0.7325700242786226,0.9733474662418564,8554,1.0,0.0,2.0,13460,0.9998171070086863,0.9212375069952297,1.9586394082606335,0.0005092026712584668,0.00046918240959982493,0.000997526859389647
"CAFs, DCIS Associated",50.0,0.8065557599601768,0.6259896594931577,0.9204116669769717,12566,4.0,2.0,6.0,13460,2.8622116619235145,1.6238809119874742,4.677223817348279,0.00036442810733631695,0.00020675893930830526,0.0005955226323824983
"CAFs, DCIS Associated",100.0,0.7207723754559578,0.5685769775106997,0.8333005205729345,13375,13.0,8.0,20.0,13460,9.118289651910262,5.510336118117795,13.679233814823963,0.00029024417412903914,0.0001753994462592506,0.0004354235358678077
"CAFs, DCIS Associated",200.0,0.6407365723539058,0.5225451384519312,0.7489994858376052,13452,46.0,32.0,70.0,13460,29.414737346733624,19.172694330938207,43.300833707154815,0.00023407504242412193,0.00015257145375793875,0.0003445770862246924
Pericytes,25.0,0.9106664281622359,0.678650294881892,0.9790077678689441,1436,0.0,0.0,1.0,3345,0.9780466629446506,0.8235843387181225,1.4901602877146944,0.0004981150751429569,0.0004194480593921889,0.0007589324025249107
Pericytes,50.0,0.8119016629741658,0.5586427765313589,0.9532887365414189,2309,1.0,0.0,2.0,3345,1.0661310942860023,0.8576888024691514,1.9920129273472262,0.00013574402691167103,0.00010920433003802692,0.00025363096327221413
Pericytes,100.0,0.6667576201041451,0.4803976850114348,0.8636302834928025,3046,3.0,2.0,5.0,3345,2.165177223682572,1.0343373078362539,3.8527654756002123,6.891973156381354e-05,3.292397907330065e-05,0.00012263733400311416
Pericytes,200.0,0.5780532221324625,0.458576012432992,0.6991611283805328,3331,10.0,6.0,15.0,3345,5.521718893321458,3.3507227984838845,8.62967167417289,4.3940442811800997e-05,2.6664204815470947e-05,6.867274521023637e-05
Luminal-like Amorphous DCIS Cells,25.0,0.8404442916306591,0.6499157993761814,0.9349068826140347,2703,3.0,1.0,6.0,3161,2.7602620092001957,1.0026455891015273,5.866821094698755,0.001405789897577529,0.000510643205359339,0.0029879474478627568
Luminal-like Amorphous DCIS Cells,50.0,0.7002038767655807,0.5235966998510999,0.8398040736238808,3106,10.0,4.0,20.0,3161,6.440297380745712,2.628010605251387,14.932879991699796,0.000820004130501973,0.00033460870265894553,0.0019013133322216668
Luminal-like Amorphous DCIS Cells,100.0,0.5942290888079367,0.48109899370012466,0.6956024164374659,3159,30.0,15.0,60.0,3161,17.322032855430574,8.050902637240473,37.13584953422898,0.0005513774306683989,0.0002562681902136795,0.0011820708038578803
Luminal-like Amorphous DCIS Cells,200.0,0.5414651895256493,0.46718131608138536,0.6065751978762206,3160,85.0,47.0,180.0,3161,45.87267209552445,24.318613734697124,95.0043266632847,0.0003650431258418184,0.00019352137925097526,0.0007560204101789456
Endothelial Cells,25.0,0.9151726194961947,0.7091868373701269,0.9806736924991366,2024,0.0,0.0,1.0,4074,0.9822364338377785,0.8266270454912787,1.6627870663750361,0.0005002489079367612,0.00042099769722683534,0.0008468504989531471
Endothelial Cells,50.0,0.85708708877494,0.622043512920947,0.9583097378019125,3076,1.0,1.0,3.0,4074,1.5471553453755131,0.9217294933679991,2.5700996248721792,0.00019698993675804918,0.00011735824405048435,0.0003272352476296266
Endothelial Cells,100.0,0.7192542118328269,0.5211853972894885,0.8812504854670872,3853,4.0,2.0,7.0,4074,2.8241756871490002,1.4897246450310246,4.789726910708829,8.989630415394271e-05,4.741940822050134e-05,0.00015246174277991668
Endothelial Cells,200.0,0.6162848436874626,0.4872620433750084,0.7403414637209143,4056,12.0,8.0,18.0,4074,7.137192855067412,4.3186661092924705,10.946026482393671,5.6795976134206804e-05,3.4366852942867014e-05,8.71057110943872e-05
Myoepithelial Cells,25.0,0.8321829722577361,0.5457623743566856,0.9715540494873742,1108,1.0,0.0,1.0,2120,0.9765585479506296,0.7263980307170881,1.3054928110584187,0.0004973571843999565,0.00036995147917069757,0.0006648820289628196
Myoepithelial Cells,50.0,0.6823560051499502,0.4683335195678914,0.9057339149422533,1730,2.0,1.0,3.0,2120,1.5412760021998175,0.9285961137959785,2.5533357411314626,0.00019624135553521273,0.0001182325293172433,0.0003251008036594242
Myoepithelial Cells,100.0,0.5864025901548132,0.4481562944363221,0.7383288060488895,1950,6.0,3.0,10.0,2120,3.662350454564831,1.9044762035783958,6.034196164756565,0.00011657623563576854,6.062136036007769e-05,0.00019207442944143286
Myoepithelial Cells,200.0,0.5339555371759135,0.4567625294890778,0.6248960179783054,2081,17.0,9.0,31.0,2120,9.488387023818333,4.819032848800707,15.75927555097434,7.550618484048425e-05,3.834864494044254e-05,0.00012540833017424092
Macrophages,25.0,0.9389546595375406,0.797304980373974,0.9949615696781284,145,0.0,0.0,0.0,989,0.9550031234718233,0.797304980373974,0.9970165845250956,0.00048637909685996905,0.0004060640920905746,0.0005077763768696559
Macrophages,50.0,0.914159080967277,0.6601912734375881,0.9814424047612845,298,0.0,0.0,1.0,989,0.9676381711442151,0.7426660213976406,0.9997708707222849,0.0001232035184496026,9.455917469746065e-05,0.00012729478082779193
Macrophages,100.0,0.8073431637106143,0.5463481827443757,0.9456745478371815,606,1.0,0.0,2.0,989,0.9955936677236528,0.7077819805813211,1.8628767732864844,3.1690730705841866e-05,2.2529400168177827e-05,5.929720936792481e-05
Macrophages,200.0,0.6813590747858578,0.48488736256666287,0.8454670245723264,896,3.0,2.0,5.0,989,2.021754813988454,0.9895530617560523,3.8980222288329243,1.6088613618304896e-05,7.874613061509764e-06,3.1019475300042355e-05
Apocrine Cells,25.0,0.8954342253443457,0.7643190035001364,0.9602367172029578,9,0.0,0.0,1.0,23,1.5198034288367213,0.9602367172029578,1.7260986022691243,0.0007740295303276024,0.0004890445442597925,0.0008790947994084562
Apocrine Cells,50.0,0.7489177431164515,0.5859908674473944,0.8792417632394539,11,0.0,0.0,2.0,23,1.5286380070002727,0.9602367172029578,1.8237375751331995,0.00019463223600978938,0.00012226113606494813,0.00023220547998790045
Apocrine Cells,100.0,0.5227651656427886,0.45268159899219873,0.6715679397360619,13,2.0,0.0,4.0,23,1.9394595558281655,1.3355023147267637,2.5318202596411274,6.173491504737286e-05,4.251035897988652e-05,8.059034186841826e-05
Apocrine Cells,200.0,0.5178156687785652,0.45268159899219873,0.6866043035097056,13,4.0,0.0,7.0,23,3.3140895691821104,1.9394595558281655,4.806230124567939,2.6372686839231134e-05,1.5433728761843216e-05,3.824676409810817e-05
Dendritic Cells,25.0,0.8516976336442307,0.5620205994365031,0.9626785872427384,231,0.0,0.0,0.0,983,0.9339054374533111,0.7217290889071784,0.9993800502893314,0.0004756341336034987,0.0003675736066329198,0.0005089800800991169
Dendritic Cells,50.0,0.8255418573235607,0.506185302699829,0.9356292715049457,468,0.0,0.0,1.0,983,0.9807782989662058,0.7482522213827674,1.8787465415168294,0.00012487657148618593,9.527043177004688e-05,0.00023920943911936494
Dendritic Cells,100.0,0.7178816301406843,0.5055072829972833,0.8875849497067853,750,2.0,1.0,4.0,983,1.684184212465903,0.9145059992745703,3.002311148328144,5.3609248498255875e-05,2.9109630054348224e-05,9.556653199126576e-05
Dendritic Cells,200.0,0.6084497782179732,0.45180786435764714,0.7382269947956106,907,6.0,2.0,11.0,983,3.403142548503055,1.5601750569153339,6.583920100547226,2.708134793203057e-05,1.2415478619837728e-05,5.239317144620898e-05
Basal-like Structured DCIS Cells,25.0,0.8959025475817248,0.6923064510091562,0.9679306890305983,1285,1.0,0.0,1.0,2569,0.9878291180944749,0.8531322567159323,1.8311357339221443,0.0005030972386394987,0.0004344966904559502,0.0009325897712829277
Basal-like Structured DCIS Cells,50.0,0.795965797714234,0.566244591176747,0.9195175202352276,1978,2.0,1.0,3.0,2569,1.6204012529820744,0.9240639040500995,2.8985853969736803,0.00020631589536351835,0.00011765547044989457,0.00036905935512187595
Basal-like Structured DCIS Cells,100.0,0.649377982983169,0.47225353856330665,0.8029620230154062,2414,5.0,2.0,10.0,2569,3.0134086280334986,1.6806114702255368,6.307979302036662,9.591977574145958e-05,5.349552458066637e-05,0.00020078921736809972
Basal-like Structured DCIS Cells,200.0,0.5577748432592189,0.4571658433332899,0.6598664896065424,2549,16.0,9.0,27.0,2569,8.312860176939488,4.562106057795276,15.664901620448386,6.615163941958436e-05,3.630408650037991e-05,0.0001246573262971301
T Lymphocytes,25.0,0.925975468424179,0.7508955468975571,0.9805220152081786,134,0.0,0.0,0.0,553,0.9847093962102976,0.8384144823829307,1.0609313937051081,0.0005015083773308945,0.0004270009895394439,0.0005403279218865334
T Lymphocytes,50.0,0.9156078768604317,0.7100067154671664,0.9738143460933972,236,0.0,0.0,1.0,553,1.0447161428900935,0.9526875818566445,2.176258207491972,0.00013301739061508577,0.00012129995029979971,0.0002770898009333239
T Lymphocytes,100.0,0.8353756260110525,0.637231385888187,0.9357218074622715,358,1.0,0.0,4.0,553,2.3294651087381872,0.973803348396792,4.407485479898589,7.414917736315641e-05,3.099712329935771e-05,0.00014029462014632297
T Lymphocytes,200.0,0.7256224225244994,0.5375342663531221,0.8525159106447648,465,5.0,1.0,10.0,553,4.3814161447619675,1.8326529751947591,8.329789025171955,3.486620185907512e-05,1.4583788998715728e-05,6.628635491343684e-05
CXCL14+ Fibroblasts,25.0,0.9637073794874157,0.8816413439094267,0.9913305994639298,763,0.0,0.0,1.0,2307,0.9967048825148016,0.9528773020775785,1.942320019970126,0.0005076176283393839,0.00048529642491429046,0.0009892154631827021
CXCL14+ Fibroblasts,50.0,0.9271530196070688,0.766146065881037,0.9775405373595254,1261,1.0,0.0,2.0,2307,0.9999651803075773,0.9184795166978692,2.5104310056044223,0.00012731952109258345,0.00011694444416889673,0.0003196380030664811
CXCL14+ Fibroblasts,100.0,0.8059912791376866,0.5853561455877911,0.9227507397673609,1866,2.0,1.0,4.0,2307,1.928438481541892,0.975017998155968,3.86118038923755,6.138410335720418e-05,3.1035786802017354e-05,0.00012290518902332892
CXCL14+ Fibroblasts,200.0,0.6384284308945352,0.49241606572532765,0.7872553960560121,2266,7.0,4.0,12.0,2307,4.442871110901979,2.425842821747541,7.43661288211328,3.535524494101152e-05,1.9304243812255636e-05,5.917868500245974e-05
Plasma Cells,25.0,0.9999818890086859,0.9999818890086859,0.9999818890086859,2,0.0,0.0,0.0,47,0.9999818890086859,0.9999818890086859,0.9999818890086859,0.0005092865940419308,0.0005092865940419308,0.0005092865940419308
Plasma Cells,50.0,0.9999818890086859,0.9999818890086859,0.9999818890086859,2,0.0,0.0,0.0,47,0.9999818890086859,0.9999818890086859,0.9999818890086859,0.0001273216485104827,0.0001273216485104827,0.0001273216485104827
Plasma Cells,100.0,0.8530801618736417,0.8511379258473426,0.9328418943505651,5,0.0,0.0,0.0,47,1.4084723974245965,0.9328418943505651,1.7022758516946852,4.483306885172341e-05,2.9693279721820005e-05,5.418512326063506e-05
Plasma Cells,200.0,0.8511379258473426,0.7530512492988399,0.9328418943505651,11,0.0,0.0,0.0,47,0.9328418943505651,0.7590178349714363,1.173249788864798,7.423319930455001e-06,6.040072016530627e-06,9.336425168967756e-06
11q13 Invasive Tumor Cells (Mitotic),25.0,0.9616258105108495,0.8509160685858377,0.9867164852627235,96,0.0,0.0,0.0,432,0.9759014475538417,0.9238106440151053,0.9993807287983832,0.0004970225259159359,0.000470492897522916,0.0005089804256609395
11q13 Invasive Tumor Cells (Mitotic),50.0,0.8981740292194307,0.7443977949068638,0.9740833428254565,178,0.0,0.0,1.0,432,0.9734765655636655,0.8345545307247857,1.9581567232701358,0.0001239468859148631,0.00010625878307566936,0.0002493202574856566
11q13 Invasive Tumor Cells (Mitotic),100.0,0.75052084714561,0.5134087989207606,0.8977814259395326,284,1.0,0.0,2.0,432,1.4033115606179618,0.8639178920406643,2.3775241506373157,4.466879431407011e-05,2.7499360588760418e-05,7.567894417885775e-05
11q13 Invasive Tumor Cells (Mitotic),200.0,0.5867822977146244,0.4125160856337856,0.7811994032007918,384,3.0,1.0,6.0,432,1.9036965782759352,0.9873038695534804,3.6753314862763995,1.5149136028987116e-05,7.856714558659612e-06,2.9247358677108572e-05
B Cells,25.0,0.9628720982599399,0.7358859908576061,0.995273941455632,34,0.0,0.0,0.0,309,0.9854096457417194,0.7358859908576061,0.9991701381990916,0.0005018650114887299,0.000374783657590609,0.0005088731727494323
B Cells,50.0,0.9116502389038357,0.7278926834910227,0.9781306313582572,78,0.0,0.0,1.0,309,0.966814714959941,0.8335656579576849,0.9998042417161904,0.00012309867275188516,0.0001061328758844909,0.00012729902975470067
B Cells,100.0,0.7711084962336842,0.5093607334082162,0.9393134641629522,155,1.0,0.0,1.0,309,0.9941062021217115,0.6483222611791957,1.7279540508022189,3.164338320519624e-05,2.0636738516636758e-05,5.500248572416743e-05
B Cells,200.0,0.6557805251324811,0.4993904852473839,0.8690529610574191,227,2.0,0.0,3.0,309,1.4820984399706918,0.8119234773192473,2.766632590805824,1.1794164643506115e-05,6.461081741385929e-06,2.2016162627294193e-05
Myeloid Cells,25.0,0.5569823908157805,0.5132019930528486,0.8911470029871902,7,0.0,0.0,0.0,196,0.9988002291087278,0.738534744198688,1.1051171176328296,0.0005086847795967092,0.00037613265658985496,0.0005628315262935436
Myeloid Cells,50.0,0.7180678474581701,0.07569600734908283,0.9091439308800082,21,0.0,0.0,0.0,196,0.886485967454392,0.07569600734908283,0.9426347972866576,0.00011287089896157404,9.637914993541574e-06,0.00012001999001487862
Myeloid Cells,100.0,0.7186422660466609,0.47755472357242973,0.9351499724004168,60,0.0,0.0,1.0,196,0.9347565019357742,0.5767352008214913,1.6073895078957503,2.975422357407346e-05,1.8358051613167458e-05,5.1164797131131556e-05
Myeloid Cells,200.0,0.6376241297269891,0.3866637221760377,0.8309432140747475,106,1.0,0.0,2.0,196,0.9676369084523607,0.5806793118558281,1.9333176363841946,7.700209854917651e-06,4.620899141652763e-06,1.5384852919864206e-05
11q13 Invasive Tumor Cells,25.0,0.8540292231549353,0.6729770585978014,0.9423743138940133,11534,3.0,1.0,6.0,13405,2.7349870924881543,1.0857901339069953,4.915790933626571,0.0013929174881984656,0.0005529883743094696,0.0025035917641375743
11q13 Invasive Tumor Cells,50.0,0.7389140831581558,0.5757009744814512,0.8546323311042184,13162,10.0,5.0,18.0,13405,6.698570474435011,2.970314372488303,13.113233035271397,0.0008528884821246037,0.00037819217193473177,0.001669628685983505
11q13 Invasive Tumor Cells,100.0,0.6177406690434881,0.5061008058624418,0.7260449949317189,13387,32.0,17.0,55.0,13405,18.4747109392476,9.38511940953282,33.86251973270542,0.0005880683136350336,0.0002987376291069676,0.0010778774802013829
11q13 Invasive Tumor Cells,200.0,0.5381821141117319,0.4731357142814192,0.6068704781811662,13396,102.0,58.0,162.0,13405,54.34985949337907,31.193011267891563,85.8873351557331,0.00043250243973606264,0.00024822609666030665,0.0006834696969512621
11q13 Invasive Tumor Cells (G1/S),25.0,0.9140220460667182,0.8038752008909029,0.9749460183170506,192,0.0,0.0,1.0,605,0.9686563028432025,0.8376573133642935,1.3813241859458352,0.00049333260401477,0.00042661536652481303,0.0007035026310581378
11q13 Invasive Tumor Cells (G1/S),50.0,0.8629381761663524,0.6243797808784659,0.9481425291209445,327,1.0,0.0,1.0,605,0.9768638498292745,0.7977983753109616,1.8571764706516902,0.00012437816834248637,0.00010157884401713813,0.00023646305239854141
11q13 Invasive Tumor Cells (G1/S),100.0,0.6996266093568387,0.4789287094387219,0.888405222123322,475,2.0,1.0,3.0,605,1.3444566045014188,0.8060888815710376,2.5227951578833254,4.279538287578923e-05,2.5658606014689613e-05,8.030306395708594e-05
11q13 Invasive Tumor Cells (G1/S),200.0,0.5542450090187808,0.41825132309252155,0.7054283809192005,570,5.0,3.0,8.0,605,2.757805350635319,1.4083567674626665,4.669966655374977,2.1945917681944433e-05,1.1207347058930317e-05,3.716241386386266e-05
"CAFs, Invasive Associated",25.0,0.9420121818462421,0.8321653136676825,0.9809867885947868,1303,1.0,0.0,1.0,2493,0.9967256817681311,0.9168203707521307,1.9264275900678007,0.00050762822131212,0.00046693278058414645,0.0009811215150972732
"CAFs, Invasive Associated",50.0,0.8838555047558592,0.7132217343265529,0.9598518221986022,2066,2.0,1.0,4.0,2493,1.9488502643782177,0.9903931258324233,3.4101189707887123,0.00024813532233739237,0.00012610076926437096,0.00043418983258597616
"CAFs, Invasive Associated",100.0,0.7734397638533255,0.5791781656714353,0.8870411948948839,2390,6.0,3.0,9.0,2493,4.269868860247636,2.25677552032244,6.797472554533023,0.0001359141470925137,7.183539590162009e-05,0.00021637027151708474
"CAFs, Invasive Associated",200.0,0.6264486825593342,0.496470557015248,0.746244471081923,2469,17.0,10.0,26.0,2493,9.840663702263738,6.124223720420066,15.850014703275374,7.830951357601327e-05,4.873502388527456e-05,0.00012613040940527483
Mast Cells,25.0,,,,0,0.0,0.0,0.0,33,,,,,,
Mast Cells,50.0,,,,0,0.0,0.0,0.0,33,,,,,,
Mast Cells,100.0,0.7512250449179623,0.5588446731140254,0.943605416721899,4,0.0,0.0,0.0,33,0.7512250449179623,0.5588446731140254,0.943605416721899,2.3912235854624958e-05,1.7788578429334314e-05,3.0035893279915606e-05
Mast Cells,200.0,0.8515200730054715,0.5588446731140254,0.943605416721899,10,0.0,0.0,1.0,33,0.8515200730054715,0.5588446731140254,0.943605416721899,6.776181438039619e-06,4.447144607333578e-06,7.5089733199789015e-06
Unassigned,25.0,,,,0,0.0,0.0,0.0,3,,,,,,
Unassigned,50.0,,,,0,0.0,0.0,0.0,3,,,,,,
Unassigned,100.0,,,,0,0.0,0.0,0.0,3,,,,,,
Unassigned,200.0,,,,0,0.0,0.0,0.0,3,,,,,,
